Horizon,MSE,RMSE,MAE,R2
1d,0.002166506374687046,0.04654574496865472,0.042715921805615426,0.09282997965422768
3d,0.0014487157608540436,0.03806199890775632,0.03357306028229404,0.40311202824051495
7d,0.0017712223427643879,0.042085892443482625,0.037306303238119336,0.292712178165753
