Horizon,MSE,RMSE,MAE,R2
1d,0.003822975051224676,0.06183021147646736,0.05614656931769737,-0.4662721009623576
3d,0.0033384579371703712,0.057779390245747415,0.05201615245071597,-0.26196027793213394
7d,0.005205187099487667,0.07214698260833691,0.06778866660946357,-0.917653215581143
