Horizon,MSE,RMSE,MAE,R2
1d,0.0018440599264099296,0.04294251886429031,0.037291296075895666,0.26728329783726523
3d,0.0013300139524768553,0.03646935634854083,0.03151061993585568,0.4792328693626424
7d,0.0017741968494688607,0.042121216144229034,0.03619874766359206,0.3245022490873821
