Horizon,MSE,RMSE,MAE,R2
1d,0.0007140916459393892,0.02672249325829065,0.019113083148960697,0.7162636265984577
3d,0.0006467553546877901,0.025431385229432356,0.017272409698167023,0.7467628593986739
7d,0.001202057408471795,0.03467069956709549,0.02462829731253926,0.5423354087605153
