Horizon,MSE,RMSE,MAE,R2
1d,0.0008395304335386424,0.02897465156889108,0.019407167550574405,0.6664219194734882
3d,0.0006028326379997552,0.024552650325367225,0.01779994004624995,0.7639608046509239
7d,0.0008388946770216125,0.028963678582348832,0.020568880166714546,0.6806039489077494
