Horizon,MSE,RMSE,MAE,R2
1d,0.04838220843133541,0.21995956090003319,0.18923029604575542,-0.33062228584482156
3d,0.03333050239588215,0.1825664328289353,0.15012963703761126,0.09412088783878081
7d,0.04635098687988375,0.2152927933765637,0.18554701776894714,-0.22182162304289665
