Horizon,MSE,RMSE,MAE,R2
1d,0.0026567562276508306,0.051543731215840695,0.04429274508891258,-0.055632538669401876
3d,0.0019583479929973957,0.04425322579199618,0.037902610527330016,0.2332085966440801
7d,0.00554598988931087,0.07447140316464347,0.07072499443321019,-1.1115490639807741
