Horizon,MSE,RMSE,MAE,R2
1d,0.0004551742089909753,0.021334812138638,0.015232140873747522,0.8094072552678915
3d,0.0009564058482176877,0.030925812005793602,0.02684996428114701,0.6059495158767174
7d,0.00040442795034142655,0.02011039408717359,0.016585456217073233,0.8385030737363913
