Horizon,MSE,RMSE,MAE,R2
1d,0.0003549770744283676,0.018840835290091774,0.014459382788300203,0.8513622837237294
3d,0.0006950084610464039,0.026363013125331555,0.018485767089975295,0.7136483208927662
7d,0.0004807546520288552,0.02192611803372533,0.016755854692613918,0.80802415232665
