Horizon,MSE,RMSE,MAE,R2
1d,0.0020792830342925015,0.04559915606995925,0.04130426188176495,0.17382001206665199
3d,0.0007113965982765253,0.026672019013875295,0.01956304277867877,0.7214525723284922
7d,0.0006317404593554582,0.025134447663624084,0.01964346628203698,0.7594746831035866
