Horizon,MSE,RMSE,MAE,R2
1d,0.0016826299647329998,0.041019872802496596,0.034263643604884035,0.33142569768890806
3d,0.0017739754304282047,0.04211858770695196,0.03534162094498889,0.30539969674390033
7d,0.0022663774066921344,0.04760648492266715,0.044199003749672346,0.13711218605871056
