Horizon,MSE,RMSE,MAE,R2
1d,0.000904250765966085,0.03007076264357266,0.027349704680824493,0.6407060152016386
3d,0.0005995232545106493,0.0244851639674038,0.019842379156925126,0.7652565941729742
7d,0.0004969285837868768,0.0222918950245796,0.016781225265758065,0.8108021999854649
