Horizon,MSE,RMSE,MAE,R2
1d,0.0016643917644114333,0.04079695778377884,0.0340131018783596,0.3386724437417967
3d,0.002241708074979412,0.04734667966161314,0.03620526342788298,0.12225892084847312
7d,0.0012980154720200101,0.036027981792212706,0.027933087435314634,0.5058008742030031
