Horizon,MSE,RMSE,MAE,R2
1d,0.0020814465898852702,0.04562287353822938,0.03997636304565189,0.17296034731488574
3d,0.0014339533212587542,0.03786757612072304,0.03020651155506927,0.43853539642259853
7d,0.0014724237663642098,0.038372174376287434,0.029502456837533154,0.43939763906859175
