Horizon,MSE,RMSE,MAE,R2
1d,0.0014391434235834098,0.03793604385783275,0.03233840459922775,0.42817236676243753
3d,0.0014569106505088688,0.03816949895543389,0.03363923967334329,0.4295464512627264
7d,0.002670497726336096,0.05167685871196213,0.04720913555744958,-0.016750316345860217
