Horizon,MSE,RMSE,MAE,R2
1d,0.0017143035325194115,0.041404148735596676,0.03353084420323269,0.34249232374425387
3d,0.0017430351697768152,0.041749672690654896,0.035651169230611186,0.34112060457427296
7d,0.0022690743221425685,0.047634801586052274,0.04135949738333185,0.16404586673213228
