Horizon,MSE,RMSE,MAE,R2
1d,0.0017245030396967438,0.04152713618462925,0.03757718021677581,0.2677995433584778
3d,0.002429494488228352,0.04928990249765516,0.04480120286428045,-0.018655353470372837
7d,0.002357734767093605,0.04855651106796703,0.04392867096042417,0.0426565485966236
