Horizon,MSE,RMSE,MAE,R2
1d,0.0007794121499768253,0.027917953900256108,0.019917890889084994,0.6903092508124734
3d,0.001261539227971835,0.03551815349890581,0.02602678518440085,0.5060441563685083
7d,0.0008153574967948786,0.028554465444040073,0.020099395627612857,0.6895653628065191
