Horizon,MSE,RMSE,MAE,R2
1d,0.0006720396774105967,0.025923728077006918,0.018280021470685897,0.7329725085922516
3d,0.0012410529438671941,0.03522858134905796,0.026741987877491706,0.5140655634903868
7d,0.0010238788605410293,0.03199810713997047,0.025302970288685594,0.6101741090851949
