Horizon,MSE,RMSE,MAE,R2
1d,0.030201320338139152,0.17378527077442193,0.1482782195215581,0.16939405606299185
3d,0.029936741129216553,0.17302237175930907,0.14665840470611569,0.18635884472940323
7d,0.04983407768555678,0.22323547586697948,0.20534934636279434,-0.3136366187499282
