Horizon,MSE,RMSE,MAE,R2
1d,0.0014472340039043865,0.03804252888418942,0.03212073417945341,0.42495766465516394
3d,0.0007481096780083254,0.027351593701434026,0.02039714698645063,0.7070775613346713
7d,0.002093161566625537,0.04575108268255011,0.041194887113052144,0.20306141284403278
