Horizon,MSE,RMSE,MAE,R2
1d,0.004593690990817279,0.06777677323993286,0.06314236054277081,-0.8252520242653314
3d,0.004384112243374788,0.06621262903234389,0.06158446987088027,-0.7165997011705236
7d,0.005178666502738668,0.07196295229309778,0.06734991368829618,-0.9716964193537645
