{
    "feature_0": {
        "mean": 0.11331349684768752,
        "std": 0.8694730793471227,
        "min": -2.19532348292141,
        "max": 2.3065733643460953,
        "median": 0.09105628752918987,
        "q1": -0.5594889044196807,
        "q3": 0.723788347259216,
        "skewness": 0.09601839092940712,
        "kurtosis": -0.13041424832672632,
        "distribution_histogram": {
            "counts": [
                2,
                2,
                8,
                15,
                21,
                22,
                9,
                14,
                4,
                3
            ],
            "bin_edges": [
                -2.19532348292141,
                -1.7451337981946595,
                -1.294944113467909,
                -0.8447544287411586,
                -0.394564744014408,
                0.055624940712342585,
                0.505814625439093,
                0.9560043101658438,
                1.4061939948925941,
                1.8563836796193445,
                2.3065733643460953
            ]
        }
    },
    "feature_1": {
        "mean": 0.14861435905739995,
        "std": 1.081141079193985,
        "min": -3.1367837918046657,
        "max": 2.215654815873476,
        "median": 0.054507112945423694,
        "q1": -0.37613491820277767,
        "q3": 1.000358771259176,
        "skewness": -0.5716763908061827,
        "kurtosis": 0.387723440731206,
        "distribution_histogram": {
            "counts": [
                2,
                2,
                5,
                2,
                10,
                31,
                14,
                14,
                12,
                8
            ],
            "bin_edges": [
                -3.1367837918046657,
                -2.6015399310368514,
                -2.066296070269037,
                -1.5310522095012233,
                -0.9958083487334091,
                -0.4605644879655948,
                0.07467937280221904,
                0.6099232335700333,
                1.1451670943378476,
                1.6804109551056614,
                2.215654815873476
            ]
        }
    },
    "feature_2": {
        "mean": -0.04393447959978004,
        "std": 1.1557926653583972,
        "min": -3.464807359385666,
        "max": 3.7028635181405614,
        "median": -0.07496279256256408,
        "q1": -0.7874206167351518,
        "q3": 0.7252018303250465,
        "skewness": -0.08341402857213534,
        "kurtosis": 0.867220465995374,
        "distribution_histogram": {
            "counts": [
                2,
                1,
                7,
                20,
                25,
                24,
                12,
                8,
                0,
                1
            ],
            "bin_edges": [
                -3.464807359385666,
                -2.7480402716330437,
                -2.0312731838804208,
                -1.3145060961277983,
                -0.5977390083751755,
                0.11902807937744742,
                0.8357951671300694,
                1.5525622548826923,
                2.269329342635315,
                2.986096430387938,
                3.7028635181405614
            ]
        }
    },
    "feature_3": {
        "mean": 0.17119057567054202,
        "std": 1.0208288309690874,
        "min": -1.662663255470619,
        "max": 3.0384513837241207,
        "median": -0.016826795449654378,
        "q1": -0.49940900599616445,
        "q3": 0.7443960626559588,
        "skewness": 0.458731262662407,
        "kurtosis": -0.3499383253866415,
        "distribution_histogram": {
            "counts": [
                7,
                12,
                22,
                17,
                14,
                8,
                12,
                4,
                3,
                1
            ],
            "bin_edges": [
                -1.662663255470619,
                -1.192551791551145,
                -0.7224403276316711,
                -0.2523288637121972,
                0.2177826002072769,
                0.687894064126751,
                1.1580055280462247,
                1.6281169919656988,
                2.098228455885173,
                2.5683399198046466,
                3.0384513837241207
            ]
        }
    },
    "feature_4": {
        "mean": 0.011267153452172916,
        "std": 0.858971783807795,
        "min": -2.6348716952250313,
        "max": 1.6659464160182522,
        "median": 0.03740779254943213,
        "q1": -0.4921662271859904,
        "q3": 0.652063102282281,
        "skewness": -0.3412032080445491,
        "kurtosis": -0.15315610452981332,
        "distribution_histogram": {
            "counts": [
                1,
                0,
                6,
                9,
                9,
                21,
                18,
                18,
                11,
                7
            ],
            "bin_edges": [
                -2.6348716952250313,
                -2.2047898841007028,
                -1.7747080729763747,
                -1.3446262618520461,
                -0.9145444507277178,
                -0.48446263960338953,
                -0.054380828479061005,
                0.3757009826452671,
                0.8057827937695956,
                1.2358646048939241,
                1.6659464160182522
            ]
        }
    },
    "feature_5": {
        "mean": -0.038299382695346926,
        "std": 0.8677125323496058,
        "min": -2.562411944017059,
        "max": 2.588448053913394,
        "median": 0.0869220661716573,
        "q1": -0.6208301522714017,
        "q3": 0.5064199704183099,
        "skewness": 0.09957771811221704,
        "kurtosis": 0.6898210560410574,
        "distribution_histogram": {
            "counts": [
                1,
                3,
                12,
                15,
                14,
                31,
                15,
                6,
                1,
                2
            ],
            "bin_edges": [
                -2.562411944017059,
                -2.047325944224014,
                -1.5322399444309684,
                -1.017153944637923,
                -0.5020679448448777,
                0.013018054948167546,
                0.5281040547412132,
                1.0431900545342585,
                1.5582760543273038,
                2.0733620541203495,
                2.588448053913394
            ]
        }
    },
    "feature_6": {
        "mean": 0.06692842706027462,
        "std": 0.9579030416473598,
        "min": -2.7405951515403166,
        "max": 2.3341399984199054,
        "median": 0.16631576224753503,
        "q1": -0.6021009041199488,
        "q3": 0.7301500833220937,
        "skewness": -0.4764731703948982,
        "kurtosis": 0.182036868821716,
        "distribution_histogram": {
            "counts": [
                3,
                1,
                6,
                11,
                14,
                21,
                21,
                17,
                4,
                2
            ],
            "bin_edges": [
                -2.7405951515403166,
                -2.2331216365442943,
                -1.7256481215482722,
                -1.21817460655225,
                -0.7107010915562277,
                -0.2032275765602054,
                0.3042459384358165,
                0.8117194534318388,
                1.3191929684278612,
                1.826666483423883,
                2.3341399984199054
            ]
        }
    },
    "feature_7": {
        "mean": -0.14790955826036986,
        "std": 1.014256416934827,
        "min": -2.1399749033280013,
        "max": 2.4337486697180677,
        "median": -0.202494146196795,
        "q1": -0.854334883446038,
        "q3": 0.5680021562947698,
        "skewness": 0.23796267686064015,
        "kurtosis": -0.4775498218995584,