{
    "training_metrics": {
        "price_target_1d": {
            "final_val_loss": 0.029649119824171066,
            "final_train_loss": 0.00795538816601038,
            "best_val_loss": 0.013874216936528683,
            "best_epoch": 11
        },
        "price_target_3d": {
            "final_val_loss": 0.07086043059825897,
            "final_train_loss": 0.006856897845864296,
            "best_val_loss": 0.028280796483159065,
            "best_epoch": 8
        },
        "price_target_7d": {
            "final_val_loss": 0.016041776165366173,
            "final_train_loss": 0.010374263860285282,
            "best_val_loss": 0.013286787085235119,
            "best_epoch": 3
        }
    },
    "test_metrics": {
        "price_target_1d": {
            "mae": 0.09100582412018066,
            "mse": 0.011453164155592332,
            "rmse": 0.10701945690196868,
            "r2": -0.09292894824477571,
            "actuals": [
                0.8157895027325381,
                0.8007489647455812,
                0.7953825602763629,
                0.8156594441456291,
                0.8506888681163733,
                0.8113051267507363,
                0.716894324003682,
                0.6663256647361864,
                0.573351730358884,
                0.5888426774127784,
                0.7717476033777191,
                0.6159473778864906,
                0.638658129079696,
                0.7017163233174075,
                0.6901764696447268,
                0.5130565222075629,
                0.47538947330186,
                0.5522701337684024,
                0.5730478743377179,
                0.5197153082138732,
                0.548661000078827,
                0.5767073523796924,
                0.5519048453782784,
                0.6291731129305651,
                0.5804502790133794,
                0.60949455362917,
                0.6389821897777459,
                0.6426748775388431,
                0.6319574449503418,
                0.637058661946847,
                0.5437929934651475,
                0.5468128038603695
            ],
            "predictions": [
                0.6959558129310608,
                0.7025869488716125,
                0.7224474549293518,
                0.6939669251441956,
                0.6835893988609314,
                0.6785198450088501,
                0.6672255992889404,
                0.6569207310676575,
                0.6531580090522766,
                0.665859043598175,
                0.6678947806358337,
                0.6752648949623108,
                0.6719515323638916,
                0.6877556443214417,
                0.6962611079216003,
                0.6900811791419983,
                0.7004908919334412,
                0.7072052359580994,
                0.7132673859596252,
                0.6959525942802429,
                0.6886013150215149,
                0.6757824420928955,
                0.6512876749038696,
                0.6267728209495544,
                0.6029531359672546,
                0.5964100956916809,
                0.5490804314613342,
                0.5511156320571899,
                0.5313229560852051,
                0.5035389065742493,
                0.49686986207962036,
                0.4919820725917816
            ]
        },
        "price_target_3d": {
            "mae": 0.09061865641546672,
            "mse": 0.010821110631593703,
            "rmse": 0.10402456744247343,
            "r2": -0.2097050225962689,
            "actuals": [
                0.7953825602763629,
                0.8156594441456291,
                0.8506888681163733,
                0.8113051267507363,
                0.716894324003682,
                0.6663256647361864,
                0.573351730358884,
                0.5888426774127784,
                0.7717476033777191,
                0.6159473778864906,
                0.638658129079696,
                0.7017163233174075,
                0.6901764696447268,
                0.5130565222075629,
                0.47538947330186,
                0.5522701337684024,
                0.5730478743377179,
                0.5197153082138732,
                0.548661000078827,
                0.5767073523796924,
                0.5519048453782784,
                0.6291731129305651,
                0.5804502790133794,
                0.60949455362917,
                0.6389821897777459,
                0.6426748775388431,
                0.6319574449503418,
                0.637058661946847,
                0.5437929934651475,
                0.5468128038603695,
                0.5989610682522457,
                0.5470488645307516
            ],
            "predictions": [
                0.7568376064300537,
                0.7538551092147827,
                0.764668881893158,
                0.7646530270576477,
                0.7347145676612854,
                0.7230401635169983,
                0.7416451573371887,
                0.7383340001106262,
                0.7179146409034729,
                0.691455066204071,
                0.6765552163124084,
                0.6581258773803711,
                0.6862497329711914,
                0.6739124655723572,
                0.6914566159248352,
                0.6871022582054138,
                0.6578993201255798,
                0.6829976439476013,
                0.6527965664863586,
                0.6438953876495361,
                0.6246357560157776,
                0.5673436522483826,
                0.5454733371734619,
                0.5313108563423157,
                0.537797749042511,
                0.5030633211135864,
                0.4655691385269165,
                0.48489561676979065,
                0.4850105941295624,
                0.48526710271835327,
                0.4784075915813446,
                0.46651017665863037
            ]
        },
        "price_target_7d": {
            "mae": 0.08497376492200484,
            "mse": 0.011129424907959314,
            "rmse": 0.10549608953870904,
            "r2": -0.9667576734209666,
            "actuals": [
                0.716894324003682,
                0.6663256647361864,
                0.573351730358884,
                0.5888426774127784,
                0.7717476033777191,
                0.6159473778864906,
                0.638658129079696,
                0.7017163233174075,
                0.6901764696447268,
                0.5130565222075629,
                0.47538947330186,
                0.5522701337684024,
                0.5730478743377179,
                0.5197153082138732,
                0.548661000078827,
                0.5767073523796924,
                0.5519048453782784,
                0.6291731129305651,
                0.5804502790133794,
                0.60949455362917,
                0.6389821897777459,
                0.6426748775388431,
                0.6319574449503418,
                0.637058661946847,
                0.5437929934651475,
                0.5468128038603695,
                0.5989610682522457,
                0.5470488645307516,
                0.5592566868164124,
                0.4644283184822995,
                0.4829594935532246,
                0.428385080870215
            ],