{
    "metrics": {
        "price_target_1d": {
            "rmse": 0.0586529156712242,
            "mae": 0.04539559270164424,
            "r2": -0.6740650401286141
        },
        "price_target_3d": {
            "rmse": 0.07747714266255605,
            "mae": 0.061439293709744755,
            "r2": -1.6956010388627596
        },
        "price_target_7d": {
            "rmse": 0.08372412927453897,
            "mae": 0.06713017134978362,
            "r2": -1.8307401618084573
        }
    },
    "feature_importance": {
        "price_target_1d": {
            "open": 0.03341039512306452,
            "high": 0.04267029026523232,
            "low": 0.05674244090914726,
            "close": 0.08258358370512724,
            "crude_oil_etf": 0.006573858263436705,
            "close_lag_1": 0.051829620450735095,
            "close_lag_3": 0.007029249635525048,
            "close_lag_7": 0.005155185179319233,
            "close_lag_14": 0.012000794243067502,
            "close_lag_21": 0.0044281047594267875,
            "close_lag_30": 0.00172218520892784,
            "close_sma_7": 0.02242061742581427,
            "close_ema_7": 0.07236953624524176,
            "close_sma_30": 0.00951994959032163,
            "close_ema_30": 0.01319797788746655,
            "close_sma_14": 0.008290874783415347,
            "close_ema_14": 0.040834319277200846,
            "close_sma_60": 0.002908248535823077,
            "close_ema_60": 0.007655296626035124,
            "close_ema_90": 0.007150769047439098,
            "price_bb_mid_20": 0.0010583220049738885,
            "price_bb_upper_20": 0.014700941846240313,
            "price_bb_lower_20": 0.017695650458335876,
            "price_bb_mid_30": 0.007628330599982291,
            "price_bb_upper_30": 0.0004935194971039891,
            "price_bb_lower_30": 0.005257199768675491,
            "price_log": 0.09139393754303456,
            "price_lag1_squared": 0.04592832272173837,
            "price_lag7_squared": 0.0026483947760425506,
            "price_sma7_squared": 0.025348744820803404,
            "price_lag1_lag7_interact": 0.052123099379241464,
            "price_lag1_sma7_interact": 0.06346895680762828,
            "obv": 0.006112288415897638,
            "price_to_volume": 0.03401179807260633,
            "close_to_low": 0.01626833451446146,
            "sma_5d": 0.045979959145188334,
            "sma_10d": 0.02560844412073493,
            "sma_20d": 0.003237572987563908,
            "rs_200d": 0.00897106199990958,
            "price_ema_5": 0.03691238169558346,
            "price_ema_20": 0.006659430544823408
        },
        "price_target_3d": {
            "open": 0.02947024016175419,
            "high": 0.021545044053345917,
            "low": 0.05430226307362318,
            "close": 0.06840520966798067,
            "crude_oil_etf": 0.046675144007895145,
            "close_lag_1": 0.032309462688863276,
            "close_lag_3": 0.015404712152667343,
            "close_lag_7": 0.009016520052682608,
            "close_lag_14": 0.0035221108701080084,
            "close_lag_21": 0.005596873874310404,
            "close_lag_30": 0.0034154343185946344,
            "close_sma_7": 0.034994923043996096,
            "close_ema_7": 0.0738789380993694,
            "close_sma_30": 0.009448747173883021,
            "close_ema_30": 0.00757916018483229,
            "close_sma_14": 0.012601863348390908,
            "close_ema_14": 0.012958583352155984,
            "close_sma_60": 0.004325052769854665,
            "close_ema_60": 0.006170581467449665,
            "close_ema_90": 0.026950939930975436,
            "price_bb_mid_20": 0.003923651203513146,
            "price_bb_upper_20": 0.008267644851002842,
            "price_bb_lower_20": 0.01627934428397566,
            "price_bb_mid_30": 0.003175153920892626,
            "price_bb_upper_30": 0.0029973670607432723,
            "price_bb_lower_30": 0.005157490976853296,
            "price_log": 0.08422825615853072,
            "price_lag1_squared": 0.021798088937066494,
            "price_lag7_squared": 0.005634635989554227,
            "price_sma7_squared": 0.043292038096114996,
            "price_lag1_lag7_interact": 0.025291356001980604,
            "price_lag1_sma7_interact": 0.08368471851572394,
            "obv": 0.013189486600458622,
            "price_to_volume": 0.029534990480169655,
            "close_to_low": 0.04636796658160165,
            "sma_5d": 0.03994891382753849,
            "sma_10d": 0.012733342731371522,
            "sma_20d": 0.004542323859641329,
            "rs_200d": 0.007018075487576425,
            "price_ema_5": 0.06108600785955787,
            "price_ema_20": 0.003277347353287041
        },
        "price_target_7d": {
            "open": 0.03203740334138274,
            "high": 0.03080500504001975,
            "low": 0.0477287289686501,
            "close": 0.07571407333016396,
            "crude_oil_etf": 0.04589805558789521,
            "close_lag_1": 0.048732714634388684,
            "close_lag_3": 0.017559574265033007,
            "close_lag_7": 0.004764597921166569,
            "close_lag_14": 0.0029949490504804998,
            "close_lag_21": 0.0028800201078411193,
            "close_lag_30": 0.002715948858531192,
            "close_sma_7": 0.01572384943719953,
            "close_ema_7": 0.05361375375650823,
            "close_sma_30": 0.004456565587315708,
            "close_ema_30": 0.007081702118739486,
            "close_sma_14": 0.004456692945677787,
            "close_ema_14": 0.013751009851694107,
            "close_sma_60": 0.0029364402347709984,
            "close_ema_60": 0.00588772528572008,
            "close_ema_90": 0.0366164380684495,
            "price_bb_mid_20": 0.0038590038195252417,
            "price_bb_upper_20": 0.005659866100177169,
            "price_bb_lower_20": 0.013937760726548731,
            "price_bb_mid_30": 0.010783853707835078,
            "price_bb_upper_30": 0.0019823417416773735,
            "price_bb_lower_30": 0.0030590183567255737,
            "price_log": 0.08354659266769886,
            "price_lag1_squared": 0.052548309415578844,
            "price_lag7_squared": 0.008558025589445606,
            "price_sma7_squared": 0.013016319018788636,
            "price_lag1_lag7_interact": 0.014178116549737751,
            "price_lag1_sma7_interact": 0.04922666950151324,
            "obv": 0.010374982503708451,
            "price_to_volume": 0.039015057915821674,
            "close_to_low": 0.091831552865915,
            "sma_5d": 0.07385756308212876,
            "sma_10d": 0.009379075584001839,
            "sma_20d": 0.005957250553183258,
            "rs_200d": 0.007243113301228732,
            "price_ema_5": 0.045259627606719734,
            "price_ema_20": 0.00037065725773572923
        }
    }
}