{
    "accuracy": 0.4305555555555556,
    "precision": 0.4074074074074074,
    "recall": 0.7096774193548387,
    "f1_score": 0.5176470588235295,
    "roc_auc": 0.4193548387096775
}